-- phpMyAdmin SQL Dump
-- version 5.1.1
-- https://www.phpmyadmin.net/
--
-- Hôte : 127.0.0.1
-- Généré le : mar. 19 oct. 2021 à 22:18
-- Version du serveur : 10.4.21-MariaDB
-- Version de PHP : 7.4.24

SET SQL_MODE = "NO_AUTO_VALUE_ON_ZERO";
START TRANSACTION;
SET time_zone = "+00:00";


/*!40101 SET @OLD_CHARACTER_SET_CLIENT=@@CHARACTER_SET_CLIENT */;
/*!40101 SET @OLD_CHARACTER_SET_RESULTS=@@CHARACTER_SET_RESULTS */;
/*!40101 SET @OLD_COLLATION_CONNECTION=@@COLLATION_CONNECTION */;
/*!40101 SET NAMES utf8mb4 */;

--
-- Base de données : `salepropos`
--

-- --------------------------------------------------------

--
-- Structure de la table `accounts`
--

CREATE TABLE `accounts` (
  `id` int(10) UNSIGNED NOT NULL,
  `account_no` varchar(191) COLLATE utf8mb4_unicode_ci NOT NULL,
  `name` varchar(191) COLLATE utf8mb4_unicode_ci NOT NULL,
  `initial_balance` double DEFAULT NULL,
  `total_balance` double NOT NULL,
  `note` text COLLATE utf8mb4_unicode_ci DEFAULT NULL,
  `is_default` tinyint(1) DEFAULT NULL,
  `is_active` tinyint(1) NOT NULL,
  `created_at` timestamp NULL DEFAULT NULL,
  `updated_at` timestamp NULL DEFAULT NULL
) ENGINE=InnoDB DEFAULT CHARSET=utf8mb4 COLLATE=utf8mb4_unicode_ci;

-- --------------------------------------------------------

--
-- Structure de la table `adjustments`
--

CREATE TABLE `adjustments` (
  `id` int(10) UNSIGNED NOT NULL,
  `reference_no` varchar(191) COLLATE utf8mb4_unicode_ci NOT NULL,
  `warehouse_id` int(11) NOT NULL,
  `document` varchar(191) COLLATE utf8mb4_unicode_ci DEFAULT NULL,
  `total_qty` double NOT NULL,
  `item` int(11) NOT NULL,
  `note` text COLLATE utf8mb4_unicode_ci DEFAULT NULL,
  `created_at` timestamp NULL DEFAULT NULL,
  `updated_at` timestamp NULL DEFAULT NULL
) ENGINE=InnoDB DEFAULT CHARSET=utf8mb4 COLLATE=utf8mb4_unicode_ci;

-- --------------------------------------------------------

--
-- Structure de la table `attendances`
--

CREATE TABLE `attendances` (
  `id` int(10) UNSIGNED NOT NULL,
  `date` date NOT NULL,
  `employee_id` int(11) NOT NULL,
  `user_id` int(11) NOT NULL,
  `checkin` varchar(191) COLLATE utf8mb4_unicode_ci NOT NULL,
  `checkout` varchar(191) COLLATE utf8mb4_unicode_ci NOT NULL,
  `status` int(11) NOT NULL,
  `note` text COLLATE utf8mb4_unicode_ci DEFAULT NULL,
  `created_at` timestamp NULL DEFAULT NULL,
  `updated_at` timestamp NULL DEFAULT NULL
) ENGINE=InnoDB DEFAULT CHARSET=utf8mb4 COLLATE=utf8mb4_unicode_ci;

-- --------------------------------------------------------

--
-- Structure de la table `billers`
--

CREATE TABLE `billers` (
  `id` int(10) UNSIGNED NOT NULL,
  `name` varchar(191) COLLATE utf8mb4_unicode_ci NOT NULL,
  `image` varchar(191) COLLATE utf8mb4_unicode_ci DEFAULT NULL,
  `company_name` varchar(191) COLLATE utf8mb4_unicode_ci NOT NULL,
  `vat_number` varchar(191) COLLATE utf8mb4_unicode_ci DEFAULT NULL,
  `email` varchar(191) COLLATE utf8mb4_unicode_ci NOT NULL,
  `phone_number` varchar(191) COLLATE utf8mb4_unicode_ci NOT NULL,
  `address` varchar(191) COLLATE utf8mb4_unicode_ci NOT NULL,
  `city` varchar(191) COLLATE utf8mb4_unicode_ci NOT NULL,
  `state` varchar(191) COLLATE utf8mb4_unicode_ci DEFAULT NULL,
  `postal_code` varchar(191) COLLATE utf8mb4_unicode_ci DEFAULT NULL,
  `country` varchar(191) COLLATE utf8mb4_unicode_ci DEFAULT NULL,
  `is_active` tinyint(1) DEFAULT NULL,
  `created_at` timestamp NULL DEFAULT NULL,
  `updated_at` timestamp NULL DEFAULT NULL
) ENGINE=InnoDB DEFAULT CHARSET=utf8mb4 COLLATE=utf8mb4_unicode_ci;

-- --------------------------------------------------------

--
-- Structure de la table `brands`
--

CREATE TABLE `brands` (
  `id` int(10) UNSIGNED NOT NULL,
  `title` varchar(191) COLLATE utf8mb4_unicode_ci NOT NULL,
  `image` varchar(191) COLLATE utf8mb4_unicode_ci DEFAULT NULL,
  `is_active` tinyint(1) DEFAULT NULL,
  `created_at` timestamp NULL DEFAULT NULL,
  `updated_at` timestamp NULL DEFAULT NULL
) ENGINE=InnoDB DEFAULT CHARSET=utf8mb4 COLLATE=utf8mb4_unicode_ci;

-- --------------------------------------------------------

--
-- Structure de la table `categories`
--

CREATE TABLE `categories` (
  `id` int(10) UNSIGNED NOT NULL,
  `name` varchar(191) COLLATE utf8mb4_unicode_ci NOT NULL,
  `parent_id` int(11) DEFAULT NULL,
  `is_active` tinyint(1) DEFAULT NULL,
  `created_at` timestamp NULL DEFAULT NULL,
  `updated_at` timestamp NULL DEFAULT NULL
) ENGINE=InnoDB DEFAULT CHARSET=utf8mb4 COLLATE=utf8mb4_unicode_ci;

-- --------------------------------------------------------

--
-- Structure de la table `coupons`
--

CREATE TABLE `coupons` (
  `id` int(10) UNSIGNED NOT NULL,
  `code` varchar(191) COLLATE utf8mb4_unicode_ci NOT NULL,
  `type` varchar(191) COLLATE utf8mb4_unicode_ci NOT NULL,
  `amount` double NOT NULL,
  `minimum_amount` double DEFAULT NULL,
  `quantity` int(11) NOT NULL,
  `used` int(11) NOT NULL,
  `expired_date` date NOT NULL,
  `user_id` int(11) NOT NULL,
  `is_active` tinyint(1) NOT NULL,
  `created_at` timestamp NULL DEFAULT NULL,
  `updated_at` timestamp NULL DEFAULT NULL
) ENGINE=InnoDB DEFAULT CHARSET=utf8mb4 COLLATE=utf8mb4_unicode_ci;

-- --------------------------------------------------------

--
-- Structure de la table `customers`
--

CREATE TABLE `customers` (
  `id` int(10) UNSIGNED NOT NULL,
  `customer_group_id` int(11) NOT NULL,
  `name` varchar(191) COLLATE utf8mb4_unicode_ci NOT NULL,
  `company_name` varchar(191) COLLATE utf8mb4_unicode_ci DEFAULT NULL,
  `email` varchar(191) COLLATE utf8mb4_unicode_ci DEFAULT NULL,
  `phone_number` varchar(191) COLLATE utf8mb4_unicode_ci NOT NULL,
  `tax_no` varchar(191) COLLATE utf8mb4_unicode_ci DEFAULT NULL,
  `address` varchar(191) COLLATE utf8mb4_unicode_ci NOT NULL,
  `city` varchar(191) COLLATE utf8mb4_unicode_ci NOT NULL,
  `state` varchar(191) COLLATE utf8mb4_unicode_ci DEFAULT NULL,
  `postal_code` varchar(191) COLLATE utf8mb4_unicode_ci DEFAULT NULL,
  `country` varchar(191) COLLATE utf8mb4_unicode_ci DEFAULT NULL,
  `deposit` double DEFAULT NULL,
  `expense` double DEFAULT NULL,
  `is_active` tinyint(1) DEFAULT NULL,
  `created_at` timestamp NULL DEFAULT NULL,
  `updated_at` timestamp NULL DEFAULT NULL
) ENGINE=InnoDB DEFAULT CHARSET=utf8mb4 COLLATE=utf8mb4_unicode_ci;

-- --------------------------------------------------------

--
-- Structure de la table `customer_groups`
--

CREATE TABLE `customer_groups` (
  `id` int(10) UNSIGNED NOT NULL,
  `name` varchar(191) COLLATE utf8mb4_unicode_ci NOT NULL,
  `percentage` varchar(191) COLLATE utf8mb4_unicode_ci NOT NULL,
  `is_active` tinyint(1) DEFAULT NULL,
  `created_at` timestamp NULL DEFAULT NULL,
  `updated_at` timestamp NULL DEFAULT NULL
) ENGINE=InnoDB DEFAULT CHARSET=utf8mb4 COLLATE=utf8mb4_unicode_ci;

-- --------------------------------------------------------

--
-- Structure de la table `deliveries`
--

CREATE TABLE `deliveries` (
  `id` int(10) UNSIGNED NOT NULL,
  `reference_no` varchar(191) COLLATE utf8mb4_unicode_ci NOT NULL,
  `sale_id` int(11) NOT NULL,
  `address` text COLLATE utf8mb4_unicode_ci NOT NULL,
  `delivered_by` varchar(191) COLLATE utf8mb4_unicode_ci DEFAULT NULL,
  `recieved_by` varchar(191) COLLATE utf8mb4_unicode_ci DEFAULT NULL,
  `file` varchar(191) COLLATE utf8mb4_unicode_ci DEFAULT NULL,
  `note` varchar(191) COLLATE utf8mb4_unicode_ci DEFAULT NULL,
  `status` varchar(191) COLLATE utf8mb4_unicode_ci NOT NULL,
  `created_at` timestamp NULL DEFAULT NULL,
  `updated_at` timestamp NULL DEFAULT NULL
) ENGINE=InnoDB DEFAULT CHARSET=utf8mb4 COLLATE=utf8mb4_unicode_ci;

-- --------------------------------------------------------

--
-- Structure de la table `departments`
--

CREATE TABLE `departments` (
  `id` int(10) UNSIGNED NOT NULL,
  `name` varchar(191) COLLATE utf8mb4_unicode_ci NOT NULL,
  `is_active` tinyint(1) NOT NULL,
  `created_at` timestamp NULL DEFAULT NULL,
  `updated_at` timestamp NULL DEFAULT NULL
) ENGINE=InnoDB DEFAULT CHARSET=utf8mb4 COLLATE=utf8mb4_unicode_ci;

-- --------------------------------------------------------

--
-- Structure de la table `deposits`
--

CREATE TABLE `deposits` (
  `id` int(10) UNSIGNED NOT NULL,
  `amount` double NOT NULL,
  `customer_id` int(11) NOT NULL,
  `user_id` int(11) NOT NULL,
  `note` text COLLATE utf8mb4_unicode_ci DEFAULT NULL,
  `created_at` timestamp NULL DEFAULT NULL,
  `updated_at` timestamp NULL DEFAULT NULL
) ENGINE=InnoDB DEFAULT CHARSET=utf8mb4 COLLATE=utf8mb4_unicode_ci;

-- --------------------------------------------------------

--
-- Structure de la table `employees`
--

CREATE TABLE `employees` (
  `id` int(10) UNSIGNED NOT NULL,
  `name` varchar(191) COLLATE utf8mb4_unicode_ci NOT NULL,
  `email` varchar(191) COLLATE utf8mb4_unicode_ci NOT NULL,
  `phone_number` varchar(191) COLLATE utf8mb4_unicode_ci NOT NULL,
  `department_id` int(11) NOT NULL,
  `user_id` int(11) DEFAULT NULL,
  `image` varchar(191) COLLATE utf8mb4_unicode_ci DEFAULT NULL,
  `address` varchar(191) COLLATE utf8mb4_unicode_ci DEFAULT NULL,
  `city` varchar(191) COLLATE utf8mb4_unicode_ci DEFAULT NULL,
  `country` varchar(191) COLLATE utf8mb4_unicode_ci DEFAULT NULL,
  `is_active` tinyint(1) NOT NULL,
  `created_at` timestamp NULL DEFAULT NULL,
  `updated_at` timestamp NULL DEFAULT NULL
) ENGINE=InnoDB DEFAULT CHARSET=utf8mb4 COLLATE=utf8mb4_unicode_ci;

-- --------------------------------------------------------

--
-- Structure de la table `expenses`
--

CREATE TABLE `expenses` (
  `id` int(10) UNSIGNED NOT NULL,
  `reference_no` varchar(191) COLLATE utf8mb4_unicode_ci NOT NULL,
  `expense_category_id` int(11) NOT NULL,
  `warehouse_id` int(11) NOT NULL,
  `account_id` int(11) NOT NULL,
  `user_id` int(11) NOT NULL,
  `amount` int(11) NOT NULL,
  `note` text COLLATE utf8mb4_unicode_ci DEFAULT NULL,
  `created_at` timestamp NULL DEFAULT NULL,
  `updated_at` timestamp NULL DEFAULT NULL
) ENGINE=InnoDB DEFAULT CHARSET=utf8mb4 COLLATE=utf8mb4_unicode_ci;

-- --------------------------------------------------------

--
-- Structure de la table `expense_categories`
--

CREATE TABLE `expense_categories` (
  `id` int(10) UNSIGNED NOT NULL,
  `code` varchar(191) COLLATE utf8mb4_unicode_ci NOT NULL,
  `name` varchar(191) COLLATE utf8mb4_unicode_ci NOT NULL,
  `is_active` tinyint(1) NOT NULL,
  `created_at` timestamp NULL DEFAULT NULL,
  `updated_at` timestamp NULL DEFAULT NULL
) ENGINE=InnoDB DEFAULT CHARSET=utf8mb4 COLLATE=utf8mb4_unicode_ci;

-- --------------------------------------------------------

--
-- Structure de la table `general_settings`
--

CREATE TABLE `general_settings` (
  `id` int(10) UNSIGNED NOT NULL,
  `site_title` varchar(191) COLLATE utf8mb4_unicode_ci NOT NULL,
  `site_logo` varchar(191) COLLATE utf8mb4_unicode_ci DEFAULT NULL,
  `currency` varchar(191) COLLATE utf8mb4_unicode_ci NOT NULL,
  `staff_access` varchar(191) COLLATE utf8mb4_unicode_ci NOT NULL,
  `date_format` varchar(191) COLLATE utf8mb4_unicode_ci NOT NULL,
  `theme` varchar(191) COLLATE utf8mb4_unicode_ci NOT NULL,
  `created_at` timestamp NULL DEFAULT NULL,
  `updated_at` timestamp NULL DEFAULT NULL,
  `currency_position` varchar(191) COLLATE utf8mb4_unicode_ci NOT NULL
) ENGINE=InnoDB DEFAULT CHARSET=utf8mb4 COLLATE=utf8mb4_unicode_ci;

--
-- Déchargement des données de la table `general_settings`
--

INSERT INTO `general_settings` (`id`, `site_title`, `site_logo`, `currency`, `staff_access`, `date_format`, `theme`, `created_at`, `updated_at`, `currency_position`) VALUES
(1, 'SalePro', 'logo.png', 'GH¢', 'own', 'd/m/Y', 'dark.css', '2018-07-06 06:13:11', '2020-01-27 21:10:59', 'prefix');

-- --------------------------------------------------------

--
-- Structure de la table `gift_cards`
--

CREATE TABLE `gift_cards` (
  `id` int(10) UNSIGNED NOT NULL,
  `card_no` varchar(191) COLLATE utf8mb4_unicode_ci NOT NULL,
  `amount` double NOT NULL,
  `expense` double NOT NULL,
  `customer_id` int(11) DEFAULT NULL,
  `user_id` int(11) DEFAULT NULL,
  `expired_date` date DEFAULT NULL,
  `created_by` int(11) NOT NULL,
  `is_active` tinyint(1) NOT NULL,
  `created_at` timestamp NULL DEFAULT NULL,
  `updated_at` timestamp NULL DEFAULT NULL
) ENGINE=InnoDB DEFAULT CHARSET=utf8mb4 COLLATE=utf8mb4_unicode_ci;

-- --------------------------------------------------------

--
-- Structure de la table `gift_card_recharges`
--

CREATE TABLE `gift_card_recharges` (
  `id` int(10) UNSIGNED NOT NULL,
  `gift_card_id` int(11) NOT NULL,
  `amount` double NOT NULL,
  `user_id` int(11) NOT NULL,
  `created_at` timestamp NULL DEFAULT NULL,
  `updated_at` timestamp NULL DEFAULT NULL
) ENGINE=InnoDB DEFAULT CHARSET=utf8mb4 COLLATE=utf8mb4_unicode_ci;

-- --------------------------------------------------------

--
-- Structure de la table `holidays`
--

CREATE TABLE `holidays` (
  `id` int(10) UNSIGNED NOT NULL,
  `user_id` int(11) NOT NULL,
  `from_date` date NOT NULL,
  `to_date` date NOT NULL,
  `note` text COLLATE utf8mb4_unicode_ci DEFAULT NULL,
  `is_approved` tinyint(1) NOT NULL,
  `created_at` timestamp NULL DEFAULT NULL,
  `updated_at` timestamp NULL DEFAULT NULL
) ENGINE=InnoDB DEFAULT CHARSET=utf8mb4 COLLATE=utf8mb4_unicode_ci;

-- --------------------------------------------------------

--
-- Structure de la table `hrm_settings`
--

CREATE TABLE `hrm_settings` (
  `id` int(10) UNSIGNED NOT NULL,
  `checkin` varchar(191) COLLATE utf8mb4_unicode_ci NOT NULL,
  `checkout` varchar(191) COLLATE utf8mb4_unicode_ci NOT NULL,
  `created_at` timestamp NULL DEFAULT NULL,
  `updated_at` timestamp NULL DEFAULT NULL
) ENGINE=InnoDB DEFAULT CHARSET=utf8mb4 COLLATE=utf8mb4_unicode_ci;

--
-- Déchargement des données de la table `hrm_settings`
--

INSERT INTO `hrm_settings` (`id`, `checkin`, `checkout`, `created_at`, `updated_at`) VALUES
(1, '10:00am', '6:00pm', '2019-01-02 02:20:08', '2019-01-02 04:20:53');

-- --------------------------------------------------------

--
-- Structure de la table `languages`
--

CREATE TABLE `languages` (
  `id` int(10) UNSIGNED NOT NULL,
  `code` varchar(191) COLLATE utf8mb4_unicode_ci NOT NULL,
  `created_at` timestamp NULL DEFAULT NULL,
  `updated_at` timestamp NULL DEFAULT NULL
) ENGINE=InnoDB DEFAULT CHARSET=utf8mb4 COLLATE=utf8mb4_unicode_ci;

--
-- Déchargement des données de la table `languages`
--

INSERT INTO `languages` (`id`, `code`, `created_at`, `updated_at`) VALUES
(1, 'en', '2018-07-07 22:59:17', '2019-12-24 17:34:20');

-- --------------------------------------------------------

--
-- Structure de la table `migrations`
--

CREATE TABLE `migrations` (
  `id` int(10) UNSIGNED NOT NULL,
  `migration` varchar(191) COLLATE utf8mb4_unicode_ci NOT NULL,
  `batch` int(11) NOT NULL
) ENGINE=InnoDB DEFAULT CHARSET=utf8mb4 COLLATE=utf8mb4_unicode_ci;

-- --------------------------------------------------------

--
-- Structure de la table `password_resets`
--

CREATE TABLE `password_resets` (
  `email` varchar(191) COLLATE utf8mb4_unicode_ci NOT NULL,
  `token` varchar(191) COLLATE utf8mb4_unicode_ci NOT NULL,
  `created_at` timestamp NULL DEFAULT NULL
) ENGINE=InnoDB DEFAULT CHARSET=utf8mb4 COLLATE=utf8mb4_unicode_ci;

-- --------------------------------------------------------

--
-- Structure de la table `payments`
--

CREATE TABLE `payments` (
  `id` int(10) UNSIGNED NOT NULL,
  `payment_reference` varchar(191) COLLATE utf8mb4_unicode_ci NOT NULL,
  `user_id` int(11) NOT NULL,
  `purchase_id` int(11) DEFAULT NULL,
  `sale_id` int(11) DEFAULT NULL,
  `account_id` int(11) NOT NULL,
  `amount` double NOT NULL,
  `change` double NOT NULL,
  `paying_method` varchar(191) COLLATE utf8mb4_unicode_ci NOT NULL,
  `payment_note` text COLLATE utf8mb4_unicode_ci DEFAULT NULL,
  `created_at` timestamp NULL DEFAULT NULL,
  `updated_at` timestamp NULL DEFAULT NULL
) ENGINE=InnoDB DEFAULT CHARSET=utf8mb4 COLLATE=utf8mb4_unicode_ci;

-- --------------------------------------------------------

--
-- Structure de la table `payment_with_cheque`
--

CREATE TABLE `payment_with_cheque` (
  `id` int(10) UNSIGNED NOT NULL,
  `payment_id` int(11) NOT NULL,
  `cheque_no` varchar(191) COLLATE utf8mb4_unicode_ci NOT NULL,
  `created_at` timestamp NULL DEFAULT NULL,
  `updated_at` timestamp NULL DEFAULT NULL
) ENGINE=InnoDB DEFAULT CHARSET=utf8mb4 COLLATE=utf8mb4_unicode_ci;

-- --------------------------------------------------------

--
-- Structure de la table `payment_with_credit_card`
--

CREATE TABLE `payment_with_credit_card` (
  `id` int(10) UNSIGNED NOT NULL,
  `payment_id` int(11) NOT NULL,
  `customer_id` int(11) DEFAULT NULL,
  `customer_stripe_id` varchar(191) COLLATE utf8mb4_unicode_ci DEFAULT NULL,
  `charge_id` varchar(191) COLLATE utf8mb4_unicode_ci NOT NULL,
  `created_at` timestamp NULL DEFAULT NULL,
  `updated_at` timestamp NULL DEFAULT NULL
) ENGINE=InnoDB DEFAULT CHARSET=utf8mb4 COLLATE=utf8mb4_unicode_ci;

-- --------------------------------------------------------

--
-- Structure de la table `payment_with_gift_card`
--

CREATE TABLE `payment_with_gift_card` (
  `id` int(10) UNSIGNED NOT NULL,
  `payment_id` int(11) NOT NULL,
  `gift_card_id` int(11) NOT NULL,
  `created_at` timestamp NULL DEFAULT NULL,
  `updated_at` timestamp NULL DEFAULT NULL
) ENGINE=InnoDB DEFAULT CHARSET=utf8mb4 COLLATE=utf8mb4_unicode_ci;

-- --------------------------------------------------------

--
-- Structure de la table `payment_with_paypal`
--

CREATE TABLE `payment_with_paypal` (
  `id` int(10) UNSIGNED NOT NULL,
  `payment_id` int(11) NOT NULL,
  `transaction_id` varchar(191) COLLATE utf8mb4_unicode_ci NOT NULL,
  `created_at` timestamp NULL DEFAULT NULL,
  `updated_at` timestamp NULL DEFAULT NULL
) ENGINE=InnoDB DEFAULT CHARSET=utf8mb4 COLLATE=utf8mb4_unicode_ci;

-- --------------------------------------------------------

--
-- Structure de la table `payrolls`
--

CREATE TABLE `payrolls` (
  `id` int(10) UNSIGNED NOT NULL,
  `reference_no` varchar(191) COLLATE utf8mb4_unicode_ci NOT NULL,
  `employee_id` int(11) NOT NULL,
  `account_id` int(11) NOT NULL,
  `user_id` int(11) NOT NULL,
  `amount` double NOT NULL,
  `paying_method` varchar(191) COLLATE utf8mb4_unicode_ci NOT NULL,
  `note` text COLLATE utf8mb4_unicode_ci DEFAULT NULL,
  `created_at` timestamp NULL DEFAULT NULL,
  `updated_at` timestamp NULL DEFAULT NULL
) ENGINE=InnoDB DEFAULT CHARSET=utf8mb4 COLLATE=utf8mb4_unicode_ci;

-- --------------------------------------------------------

--
-- Structure de la table `permissions`
--

CREATE TABLE `permissions` (
  `id` int(10) UNSIGNED NOT NULL,
  `name` varchar(191) COLLATE utf8mb4_unicode_ci NOT NULL,
  `guard_name` varchar(191) COLLATE utf8mb4_unicode_ci NOT NULL,
  `created_at` timestamp NULL DEFAULT NULL,
  `updated_at` timestamp NULL DEFAULT NULL
) ENGINE=InnoDB DEFAULT CHARSET=utf8mb4 COLLATE=utf8mb4_unicode_ci;

--
-- Déchargement des données de la table `permissions`
--

INSERT INTO `permissions` (`id`, `name`, `guard_name`, `created_at`, `updated_at`) VALUES
(4, 'products-edit', 'web', '2018-06-03 01:00:09', '2018-06-03 01:00:09'),
(5, 'products-delete', 'web', '2018-06-03 22:54:22', '2018-06-03 22:54:22'),
(6, 'products-add', 'web', '2018-06-04 00:34:14', '2018-06-04 00:34:14'),
(7, 'products-index', 'web', '2018-06-04 03:34:27', '2018-06-04 03:34:27'),
(8, 'purchases-index', 'web', '2018-06-04 08:03:19', '2018-06-04 08:03:19'),
(9, 'purchases-add', 'web', '2018-06-04 08:12:25', '2018-06-04 08:12:25'),
(10, 'purchases-edit', 'web', '2018-06-04 09:47:36', '2018-06-04 09:47:36'),
(11, 'purchases-delete', 'web', '2018-06-04 09:47:36', '2018-06-04 09:47:36'),
(12, 'sales-index', 'web', '2018-06-04 10:49:08', '2018-06-04 10:49:08'),
(13, 'sales-add', 'web', '2018-06-04 10:49:52', '2018-06-04 10:49:52'),
(14, 'sales-edit', 'web', '2018-06-04 10:49:52', '2018-06-04 10:49:52'),
(15, 'sales-delete', 'web', '2018-06-04 10:49:53', '2018-06-04 10:49:53'),
(16, 'quotes-index', 'web', '2018-06-04 22:05:10', '2018-06-04 22:05:10'),
(17, 'quotes-add', 'web', '2018-06-04 22:05:10', '2018-06-04 22:05:10'),
(18, 'quotes-edit', 'web', '2018-06-04 22:05:10', '2018-06-04 22:05:10'),
(19, 'quotes-delete', 'web', '2018-06-04 22:05:10', '2018-06-04 22:05:10'),
(20, 'transfers-index', 'web', '2018-06-04 22:30:03', '2018-06-04 22:30:03'),
(21, 'transfers-add', 'web', '2018-06-04 22:30:03', '2018-06-04 22:30:03'),
(22, 'transfers-edit', 'web', '2018-06-04 22:30:03', '2018-06-04 22:30:03'),
(23, 'transfers-delete', 'web', '2018-06-04 22:30:03', '2018-06-04 22:30:03'),
(24, 'returns-index', 'web', '2018-06-04 22:50:24', '2018-06-04 22:50:24'),
(25, 'returns-add', 'web', '2018-06-04 22:50:24', '2018-06-04 22:50:24'),
(26, 'returns-edit', 'web', '2018-06-04 22:50:25', '2018-06-04 22:50:25'),
(27, 'returns-delete', 'web', '2018-06-04 22:50:25', '2018-06-04 22:50:25'),
(28, 'customers-index', 'web', '2018-06-04 23:15:54', '2018-06-04 23:15:54'),
(29, 'customers-add', 'web', '2018-06-04 23:15:55', '2018-06-04 23:15:55'),
(30, 'customers-edit', 'web', '2018-06-04 23:15:55', '2018-06-04 23:15:55'),
(31, 'customers-delete', 'web', '2018-06-04 23:15:55', '2018-06-04 23:15:55'),
(32, 'suppliers-index', 'web', '2018-06-04 23:40:12', '2018-06-04 23:40:12'),
(33, 'suppliers-add', 'web', '2018-06-04 23:40:12', '2018-06-04 23:40:12'),
(34, 'suppliers-edit', 'web', '2018-06-04 23:40:12', '2018-06-04 23:40:12'),
(35, 'suppliers-delete', 'web', '2018-06-04 23:40:12', '2018-06-04 23:40:12'),
(36, 'product-report', 'web', '2018-06-24 23:05:33', '2018-06-24 23:05:33'),
(37, 'purchase-report', 'web', '2018-06-24 23:24:56', '2018-06-24 23:24:56'),
(38, 'sale-report', 'web', '2018-06-24 23:33:13', '2018-06-24 23:33:13'),
(39, 'customer-report', 'web', '2018-06-24 23:36:51', '2018-06-24 23:36:51'),
(40, 'due-report', 'web', '2018-06-24 23:39:52', '2018-06-24 23:39:52'),
(41, 'users-index', 'web', '2018-06-25 00:00:10', '2018-06-25 00:00:10'),
(42, 'users-add', 'web', '2018-06-25 00:00:10', '2018-06-25 00:00:10'),
(43, 'users-edit', 'web', '2018-06-25 00:01:30', '2018-06-25 00:01:30'),
(44, 'users-delete', 'web', '2018-06-25 00:01:30', '2018-06-25 00:01:30'),
(45, 'profit-loss', 'web', '2018-07-14 21:50:05', '2018-07-14 21:50:05'),
(46, 'best-seller', 'web', '2018-07-14 22:01:38', '2018-07-14 22:01:38'),
(47, 'daily-sale', 'web', '2018-07-14 22:24:21', '2018-07-14 22:24:21'),
(48, 'monthly-sale', 'web', '2018-07-14 22:30:41', '2018-07-14 22:30:41'),
(49, 'daily-purchase', 'web', '2018-07-14 22:36:46', '2018-07-14 22:36:46'),
(50, 'monthly-purchase', 'web', '2018-07-14 22:48:17', '2018-07-14 22:48:17'),
(51, 'payment-report', 'web', '2018-07-14 23:10:41', '2018-07-14 23:10:41'),
(52, 'warehouse-stock-report', 'web', '2018-07-14 23:16:55', '2018-07-14 23:16:55'),
(53, 'product-qty-alert', 'web', '2018-07-14 23:33:21', '2018-07-14 23:33:21'),
(54, 'supplier-report', 'web', '2018-07-30 03:00:01', '2018-07-30 03:00:01'),
(55, 'expenses-index', 'web', '2018-09-05 01:07:10', '2018-09-05 01:07:10'),
(56, 'expenses-add', 'web', '2018-09-05 01:07:10', '2018-09-05 01:07:10'),
(57, 'expenses-edit', 'web', '2018-09-05 01:07:10', '2018-09-05 01:07:10'),
(58, 'expenses-delete', 'web', '2018-09-05 01:07:11', '2018-09-05 01:07:11'),
(59, 'general_setting', 'web', '2018-10-19 23:10:04', '2018-10-19 23:10:04'),
(60, 'mail_setting', 'web', '2018-10-19 23:10:04', '2018-10-19 23:10:04'),
(61, 'pos_setting', 'web', '2018-10-19 23:10:04', '2018-10-19 23:10:04'),
(62, 'hrm_setting', 'web', '2019-01-02 10:30:23', '2019-01-02 10:30:23'),
(63, 'purchase-return-index', 'web', '2019-01-02 21:45:14', '2019-01-02 21:45:14'),
(64, 'purchase-return-add', 'web', '2019-01-02 21:45:14', '2019-01-02 21:45:14'),
(65, 'purchase-return-edit', 'web', '2019-01-02 21:45:14', '2019-01-02 21:45:14'),
(66, 'purchase-return-delete', 'web', '2019-01-02 21:45:14', '2019-01-02 21:45:14'),
(67, 'account-index', 'web', '2019-01-02 22:06:13', '2019-01-02 22:06:13'),
(68, 'balance-sheet', 'web', '2019-01-02 22:06:14', '2019-01-02 22:06:14'),
(69, 'account-statement', 'web', '2019-01-02 22:06:14', '2019-01-02 22:06:14'),
(70, 'department', 'web', '2019-01-02 22:30:01', '2019-01-02 22:30:01'),
(71, 'attendance', 'web', '2019-01-02 22:30:01', '2019-01-02 22:30:01'),
(72, 'payroll', 'web', '2019-01-02 22:30:01', '2019-01-02 22:30:01'),
(73, 'employees-index', 'web', '2019-01-02 22:52:19', '2019-01-02 22:52:19'),
(74, 'employees-add', 'web', '2019-01-02 22:52:19', '2019-01-02 22:52:19'),
(75, 'employees-edit', 'web', '2019-01-02 22:52:19', '2019-01-02 22:52:19'),
(76, 'employees-delete', 'web', '2019-01-02 22:52:19', '2019-01-02 22:52:19'),
(77, 'user-report', 'web', '2019-01-16 06:48:18', '2019-01-16 06:48:18'),
(78, 'stock_count', 'web', '2019-02-17 10:32:01', '2019-02-17 10:32:01'),
(79, 'adjustment', 'web', '2019-02-17 10:32:02', '2019-02-17 10:32:02'),
(80, 'sms_setting', 'web', '2019-02-22 05:18:03', '2019-02-22 05:18:03'),
(81, 'create_sms', 'web', '2019-02-22 05:18:03', '2019-02-22 05:18:03'),
(82, 'print_barcode', 'web', '2019-03-07 05:02:19', '2019-03-07 05:02:19'),
(83, 'empty_database', 'web', '2019-03-07 05:02:19', '2019-03-07 05:02:19'),
(84, 'customer_group', 'web', '2019-03-07 05:37:15', '2019-03-07 05:37:15'),
(85, 'unit', 'web', '2019-03-07 05:37:15', '2019-03-07 05:37:15'),
(86, 'tax', 'web', '2019-03-07 05:37:15', '2019-03-07 05:37:15'),
(87, 'gift_card', 'web', '2019-03-07 06:29:38', '2019-03-07 06:29:38'),
(88, 'coupon', 'web', '2019-03-07 06:29:38', '2019-03-07 06:29:38'),
(89, 'holiday', 'web', '2019-10-19 08:57:15', '2019-10-19 08:57:15'),
(90, 'warehouse-report', 'web', '2019-10-22 06:00:23', '2019-10-22 06:00:23');

-- --------------------------------------------------------

--
-- Structure de la table `pos_setting`
--

CREATE TABLE `pos_setting` (
  `id` int(11) NOT NULL,
  `customer_id` int(11) NOT NULL,
  `warehouse_id` int(11) NOT NULL,
  `biller_id` int(11) NOT NULL,
  `product_number` int(11) NOT NULL,
  `keybord_active` tinyint(1) NOT NULL,
  `stripe_public_key` varchar(191) COLLATE utf8mb4_unicode_ci DEFAULT NULL,
  `stripe_secret_key` varchar(191) COLLATE utf8mb4_unicode_ci NOT NULL,
  `created_at` timestamp NULL DEFAULT NULL,
  `updated_at` timestamp NULL DEFAULT NULL
) ENGINE=InnoDB DEFAULT CHARSET=utf8mb4 COLLATE=utf8mb4_unicode_ci;

--
-- Déchargement des données de la table `pos_setting`
--

INSERT INTO `pos_setting` (`id`, `customer_id`, `warehouse_id`, `biller_id`, `product_number`, `keybord_active`, `stripe_public_key`, `stripe_secret_key`, `created_at`, `updated_at`) VALUES
(1, 11, 2, 1, 4, 0, 'pk_test_ITN7KOYiIsHSCQ0UMRcgaYUB', 'sk_test_TtQQaawhEYRwa3mU9CzttrEy', '2018-09-02 03:17:04', '2019-02-02 04:20:59');

-- --------------------------------------------------------

--
-- Structure de la table `products`
--

CREATE TABLE `products` (
  `id` int(10) UNSIGNED NOT NULL,
  `name` varchar(191) COLLATE utf8mb4_unicode_ci NOT NULL,
  `code` varchar(191) COLLATE utf8mb4_unicode_ci NOT NULL,
  `type` varchar(191) COLLATE utf8mb4_unicode_ci NOT NULL,
  `barcode_symbology` varchar(191) COLLATE utf8mb4_unicode_ci NOT NULL,
  `brand_id` int(11) DEFAULT NULL,
  `category_id` int(11) NOT NULL,
  `unit_id` int(11) NOT NULL,
  `purchase_unit_id` int(11) NOT NULL,
  `sale_unit_id` int(11) NOT NULL,
  `cost` varchar(191) COLLATE utf8mb4_unicode_ci NOT NULL,
  `price` varchar(191) COLLATE utf8mb4_unicode_ci NOT NULL,
  `qty` double DEFAULT NULL,
  `alert_quantity` double DEFAULT NULL,
  `promotion` tinyint(4) DEFAULT NULL,
  `promotion_price` varchar(191) COLLATE utf8mb4_unicode_ci DEFAULT NULL,
  `starting_date` varchar(200) COLLATE utf8mb4_unicode_ci DEFAULT NULL,
  `last_date` date DEFAULT NULL,
  `tax_id` int(11) DEFAULT NULL,
  `tax_method` int(11) DEFAULT NULL,
  `image` longtext COLLATE utf8mb4_unicode_ci DEFAULT NULL,
  `file` varchar(191) COLLATE utf8mb4_unicode_ci DEFAULT NULL,
  `is_variant` tinyint(1) DEFAULT NULL,
  `featured` tinyint(4) DEFAULT NULL,
  `product_list` varchar(191) COLLATE utf8mb4_unicode_ci DEFAULT NULL,
  `qty_list` varchar(191) COLLATE utf8mb4_unicode_ci DEFAULT NULL,
  `price_list` varchar(191) COLLATE utf8mb4_unicode_ci DEFAULT NULL,
  `product_details` text COLLATE utf8mb4_unicode_ci DEFAULT NULL,
  `is_active` tinyint(1) DEFAULT NULL,
  `created_at` timestamp NULL DEFAULT NULL,
  `updated_at` timestamp NULL DEFAULT NULL
) ENGINE=InnoDB DEFAULT CHARSET=utf8mb4 COLLATE=utf8mb4_unicode_ci;

-- --------------------------------------------------------

--
-- Structure de la table `product_adjustments`
--

CREATE TABLE `product_adjustments` (
  `id` int(10) UNSIGNED NOT NULL,
  `adjustment_id` int(11) NOT NULL,
  `product_id` int(11) NOT NULL,
  `qty` double NOT NULL,
  `action` varchar(191) COLLATE utf8mb4_unicode_ci NOT NULL,
  `created_at` timestamp NULL DEFAULT NULL,
  `updated_at` timestamp NULL DEFAULT NULL
) ENGINE=InnoDB DEFAULT CHARSET=utf8mb4 COLLATE=utf8mb4_unicode_ci;

-- --------------------------------------------------------

--
-- Structure de la table `product_purchases`
--

CREATE TABLE `product_purchases` (
  `id` int(10) UNSIGNED NOT NULL,
  `purchase_id` int(11) NOT NULL,
  `product_id` int(11) NOT NULL,
  `variant_id` int(11) DEFAULT NULL,
  `qty` double NOT NULL,
  `recieved` double NOT NULL,
  `purchase_unit_id` int(11) NOT NULL,
  `net_unit_cost` double NOT NULL,
  `discount` double NOT NULL,
  `tax_rate` double NOT NULL,
  `tax` double NOT NULL,
  `total` double NOT NULL,
  `created_at` timestamp NULL DEFAULT NULL,
  `updated_at` timestamp NULL DEFAULT NULL
) ENGINE=InnoDB DEFAULT CHARSET=utf8mb4 COLLATE=utf8mb4_unicode_ci;

-- --------------------------------------------------------

--
-- Structure de la table `product_quotation`
--

CREATE TABLE `product_quotation` (
  `id` int(10) UNSIGNED NOT NULL,
  `quotation_id` int(11) NOT NULL,
  `product_id` int(11) NOT NULL,
  `variant_id` int(11) DEFAULT NULL,
  `qty` double NOT NULL,
  `sale_unit_id` int(11) NOT NULL,
  `net_unit_price` double NOT NULL,
  `discount` double NOT NULL,
  `tax_rate` double NOT NULL,
  `tax` double NOT NULL,
  `total` double NOT NULL,
  `created_at` timestamp NULL DEFAULT NULL,
  `updated_at` timestamp NULL DEFAULT NULL
) ENGINE=InnoDB DEFAULT CHARSET=utf8mb4 COLLATE=utf8mb4_unicode_ci;

-- --------------------------------------------------------

--
-- Structure de la table `product_returns`
--

CREATE TABLE `product_returns` (
  `id` int(10) UNSIGNED NOT NULL,
  `return_id` int(11) NOT NULL,
  `product_id` int(11) NOT NULL,
  `variant_id` int(11) DEFAULT NULL,
  `qty` double NOT NULL,
  `sale_unit_id` int(11) NOT NULL,
  `net_unit_price` double NOT NULL,
  `discount` double NOT NULL,
  `tax_rate` double NOT NULL,
  `tax` double NOT NULL,
  `total` double NOT NULL,
  `created_at` timestamp NULL DEFAULT NULL,
  `updated_at` timestamp NULL DEFAULT NULL
) ENGINE=InnoDB DEFAULT CHARSET=utf8mb4 COLLATE=utf8mb4_unicode_ci;

-- --------------------------------------------------------

--
-- Structure de la table `product_sales`
--

CREATE TABLE `product_sales` (
  `id` int(10) UNSIGNED NOT NULL,
  `sale_id` int(11) NOT NULL,
  `product_id` int(11) NOT NULL,
  `variant_id` int(11) DEFAULT NULL,
  `qty` double NOT NULL,
  `sale_unit_id` int(11) NOT NULL,
  `net_unit_price` double NOT NULL,
  `discount` double NOT NULL,
  `tax_rate` double NOT NULL,
  `tax` double NOT NULL,
  `total` double NOT NULL,
  `created_at` timestamp NULL DEFAULT NULL,
  `updated_at` timestamp NULL DEFAULT NULL
) ENGINE=InnoDB DEFAULT CHARSET=utf8mb4 COLLATE=utf8mb4_unicode_ci;

-- --------------------------------------------------------

--
-- Structure de la table `product_transfer`
--

CREATE TABLE `product_transfer` (
  `id` int(10) UNSIGNED NOT NULL,
  `transfer_id` int(11) NOT NULL,
  `product_id` int(11) NOT NULL,
  `variant_id` int(11) DEFAULT NULL,
  `qty` double NOT NULL,
  `purchase_unit_id` int(11) NOT NULL,
  `net_unit_cost` double NOT NULL,
  `tax_rate` double NOT NULL,
  `tax` double NOT NULL,
  `total` double NOT NULL,
  `created_at` timestamp NULL DEFAULT NULL,
  `updated_at` timestamp NULL DEFAULT NULL
) ENGINE=InnoDB DEFAULT CHARSET=utf8mb4 COLLATE=utf8mb4_unicode_ci;

-- --------------------------------------------------------

--
-- Structure de la table `product_variants`
--

CREATE TABLE `product_variants` (
  `id` int(10) UNSIGNED NOT NULL,
  `product_id` int(11) NOT NULL,
  `variant_id` int(11) NOT NULL,
  `position` int(11) NOT NULL,
  `item_code` varchar(191) COLLATE utf8mb4_unicode_ci NOT NULL,
  `additional_price` double DEFAULT NULL,
  `qty` double NOT NULL,
  `created_at` timestamp NULL DEFAULT NULL,
  `updated_at` timestamp NULL DEFAULT NULL
) ENGINE=InnoDB DEFAULT CHARSET=utf8mb4 COLLATE=utf8mb4_unicode_ci;

-- --------------------------------------------------------

--
-- Structure de la table `product_warehouse`
--

CREATE TABLE `product_warehouse` (
  `id` int(10) UNSIGNED NOT NULL,
  `product_id` varchar(191) COLLATE utf8mb4_unicode_ci NOT NULL,
  `variant_id` int(11) DEFAULT NULL,
  `warehouse_id` int(11) NOT NULL,
  `qty` double NOT NULL,
  `created_at` timestamp NULL DEFAULT NULL,
  `updated_at` timestamp NULL DEFAULT NULL
) ENGINE=InnoDB DEFAULT CHARSET=utf8mb4 COLLATE=utf8mb4_unicode_ci;

-- --------------------------------------------------------

--
-- Structure de la table `purchases`
--

CREATE TABLE `purchases` (
  `id` int(10) UNSIGNED NOT NULL,
  `reference_no` varchar(191) COLLATE utf8mb4_unicode_ci NOT NULL,
  `user_id` int(11) NOT NULL,
  `warehouse_id` int(11) NOT NULL,
  `supplier_id` int(11) DEFAULT NULL,
  `item` int(11) NOT NULL,
  `total_qty` double NOT NULL,
  `total_discount` double NOT NULL,
  `total_tax` double NOT NULL,
  `total_cost` double NOT NULL,
  `order_tax_rate` double DEFAULT NULL,
  `order_tax` double DEFAULT NULL,
  `order_discount` double DEFAULT NULL,
  `shipping_cost` double DEFAULT NULL,
  `grand_total` double NOT NULL,
  `paid_amount` double NOT NULL,
  `status` int(11) NOT NULL,
  `payment_status` int(11) NOT NULL,
  `document` varchar(191) COLLATE utf8mb4_unicode_ci DEFAULT NULL,
  `note` text COLLATE utf8mb4_unicode_ci DEFAULT NULL,
  `created_at` timestamp NULL DEFAULT NULL,
  `updated_at` timestamp NULL DEFAULT NULL
) ENGINE=InnoDB DEFAULT CHARSET=utf8mb4 COLLATE=utf8mb4_unicode_ci;

-- --------------------------------------------------------

--
-- Structure de la table `purchase_product_return`
--

CREATE TABLE `purchase_product_return` (
  `id` int(10) UNSIGNED NOT NULL,
  `return_id` int(11) NOT NULL,
  `product_id` int(11) NOT NULL,
  `variant_id` int(11) DEFAULT NULL,
  `qty` double NOT NULL,
  `purchase_unit_id` int(11) NOT NULL,
  `net_unit_cost` double NOT NULL,
  `discount` double NOT NULL,
  `tax_rate` double NOT NULL,
  `tax` double NOT NULL,
  `total` double NOT NULL,
  `created_at` timestamp NULL DEFAULT NULL,
  `updated_at` timestamp NULL DEFAULT NULL
) ENGINE=InnoDB DEFAULT CHARSET=utf8mb4 COLLATE=utf8mb4_unicode_ci;

-- --------------------------------------------------------

--
-- Structure de la table `quotations`
--

CREATE TABLE `quotations` (
  `id` int(10) UNSIGNED NOT NULL,
  `reference_no` varchar(191) COLLATE utf8mb4_unicode_ci NOT NULL,
  `user_id` int(11) NOT NULL,
  `biller_id` int(11) NOT NULL,
  `supplier_id` int(11) DEFAULT NULL,
  `customer_id` int(11) NOT NULL,
  `warehouse_id` int(11) NOT NULL,
  `item` int(11) NOT NULL,
  `total_qty` double NOT NULL,
  `total_discount` double NOT NULL,
  `total_tax` double NOT NULL,
  `total_price` double NOT NULL,
  `order_tax_rate` double DEFAULT NULL,
  `order_tax` double DEFAULT NULL,
  `order_discount` double DEFAULT NULL,
  `shipping_cost` double DEFAULT NULL,
  `grand_total` double NOT NULL,
  `quotation_status` int(11) NOT NULL,
  `document` varchar(191) COLLATE utf8mb4_unicode_ci DEFAULT NULL,
  `note` text COLLATE utf8mb4_unicode_ci DEFAULT NULL,
  `created_at` timestamp NULL DEFAULT NULL,
  `updated_at` timestamp NULL DEFAULT NULL
) ENGINE=InnoDB DEFAULT CHARSET=utf8mb4 COLLATE=utf8mb4_unicode_ci;

-- --------------------------------------------------------

--
-- Structure de la table `returns`
--

CREATE TABLE `returns` (
  `id` int(10) UNSIGNED NOT NULL,
  `reference_no` varchar(191) COLLATE utf8mb4_unicode_ci NOT NULL,
  `user_id` int(11) NOT NULL,
  `customer_id` int(11) NOT NULL,
  `warehouse_id` int(11) NOT NULL,
  `biller_id` int(11) NOT NULL,
  `account_id` int(11) NOT NULL,
  `item` int(11) NOT NULL,
  `total_qty` double NOT NULL,
  `total_discount` double NOT NULL,
  `total_tax` double NOT NULL,
  `total_price` double NOT NULL,
  `order_tax_rate` double DEFAULT NULL,
  `order_tax` double DEFAULT NULL,
  `grand_total` double NOT NULL,
  `document` varchar(191) COLLATE utf8mb4_unicode_ci DEFAULT NULL,
  `return_note` text COLLATE utf8mb4_unicode_ci DEFAULT NULL,
  `staff_note` text COLLATE utf8mb4_unicode_ci DEFAULT NULL,
  `created_at` timestamp NULL DEFAULT NULL,
  `updated_at` timestamp NULL DEFAULT NULL
) ENGINE=InnoDB DEFAULT CHARSET=utf8mb4 COLLATE=utf8mb4_unicode_ci;

-- --------------------------------------------------------

--
-- Structure de la table `return_purchases`
--

CREATE TABLE `return_purchases` (
  `id` int(10) UNSIGNED NOT NULL,
  `reference_no` varchar(191) COLLATE utf8mb4_unicode_ci NOT NULL,
  `supplier_id` int(11) DEFAULT NULL,
  `warehouse_id` int(11) NOT NULL,
  `user_id` int(11) NOT NULL,
  `account_id` int(11) NOT NULL,
  `item` int(11) NOT NULL,
  `total_qty` double NOT NULL,
  `total_discount` double NOT NULL,
  `total_tax` double NOT NULL,
  `total_cost` double NOT NULL,
  `order_tax_rate` double DEFAULT NULL,
  `order_tax` double DEFAULT NULL,
  `grand_total` double NOT NULL,
  `document` varchar(191) COLLATE utf8mb4_unicode_ci DEFAULT NULL,
  `return_note` text COLLATE utf8mb4_unicode_ci DEFAULT NULL,
  `staff_note` text COLLATE utf8mb4_unicode_ci DEFAULT NULL,
  `created_at` timestamp NULL DEFAULT NULL,
  `updated_at` timestamp NULL DEFAULT NULL
) ENGINE=InnoDB DEFAULT CHARSET=utf8mb4 COLLATE=utf8mb4_unicode_ci;

-- --------------------------------------------------------

--
-- Structure de la table `roles`
--

CREATE TABLE `roles` (
  `id` int(10) UNSIGNED NOT NULL,
  `name` varchar(191) COLLATE utf8mb4_unicode_ci NOT NULL,
  `description` text COLLATE utf8mb4_unicode_ci DEFAULT NULL,
  `guard_name` varchar(191) COLLATE utf8mb4_unicode_ci DEFAULT NULL,
  `is_active` tinyint(1) NOT NULL,
  `created_at` timestamp NULL DEFAULT NULL,
  `updated_at` timestamp NULL DEFAULT NULL
) ENGINE=InnoDB DEFAULT CHARSET=utf8mb4 COLLATE=utf8mb4_unicode_ci;

--
-- Déchargement des données de la table `roles`
--

INSERT INTO `roles` (`id`, `name`, `description`, `guard_name`, `is_active`, `created_at`, `updated_at`) VALUES
(1, 'Admin', 'admin can access all data...', 'web', 1, '2018-06-01 23:46:44', '2018-06-02 23:13:05'),
(2, 'Owner', 'Owner of shop...', 'web', 1, '2018-10-22 02:38:13', '2018-10-22 02:38:13'),
(4, 'staff', 'staff has specific acess...', 'web', 1, '2018-06-02 00:05:27', '2018-06-02 00:05:27');

-- --------------------------------------------------------

--
-- Structure de la table `role_has_permissions`
--

CREATE TABLE `role_has_permissions` (
  `permission_id` int(10) UNSIGNED NOT NULL,
  `role_id` int(10) UNSIGNED NOT NULL
) ENGINE=InnoDB DEFAULT CHARSET=utf8mb4 COLLATE=utf8mb4_unicode_ci;

--
-- Déchargement des données de la table `role_has_permissions`
--

INSERT INTO `role_has_permissions` (`permission_id`, `role_id`) VALUES
(4, 1),
(4, 2),
(5, 1),
(5, 2),
(6, 1),
(6, 2),
(6, 4),
(7, 1),
(7, 2),
(7, 4),
(8, 1),
(8, 2),
(8, 4),
(9, 1),
(9, 2),
(9, 4),
(10, 1),
(10, 2),
(11, 1),
(11, 2),
(12, 1),
(12, 2),
(12, 4),
(13, 1),
(13, 2),
(13, 4),
(14, 1),
(14, 2),
(15, 1),
(15, 2),
(16, 1),
(16, 2),
(17, 1),
(17, 2),
(18, 1),
(18, 2),
(19, 1),
(19, 2),
(20, 1),
(20, 2),
(20, 4),
(21, 1),
(21, 2),
(21, 4),
(22, 1),
(22, 2),
(23, 1),
(23, 2),
(24, 1),
(24, 2),
(24, 4),
(25, 1),
(25, 2),
(25, 4),
(26, 1),
(26, 2),
(27, 1),
(27, 2),
(28, 1),
(28, 2),
(28, 4),
(29, 1),
(29, 2),
(29, 4),
(30, 1),
(30, 2),
(31, 1),
(31, 2),
(32, 1),
(32, 2),
(33, 1),
(33, 2),
(34, 1),
(34, 2),
(35, 1),
(35, 2),
(36, 1),
(36, 2),
(37, 1),
(37, 2),
(38, 1),
(38, 2),
(39, 1),
(39, 2),
(40, 1),
(40, 2),
(41, 1),
(41, 2),
(42, 1),
(42, 2),
(43, 1),
(43, 2),
(44, 1),
(44, 2),
(45, 1),
(45, 2),
(46, 1),
(46, 2),
(47, 1),
(47, 2),
(48, 1),
(48, 2),
(49, 1),
(49, 2),
(50, 1),
(50, 2),
(51, 1),
(51, 2),
(52, 1),
(52, 2),
(53, 1),
(53, 2),
(54, 1),
(54, 2),
(55, 1),
(55, 2),
(56, 1),
(56, 2),
(57, 1),
(57, 2),
(58, 1),
(58, 2),
(59, 1),
(59, 2),
(60, 1),
(60, 2),
(61, 1),
(61, 2),
(62, 1),
(62, 2),
(63, 1),
(63, 2),
(63, 4),
(64, 1),
(64, 2),
(64, 4),
(65, 1),
(65, 2),
(66, 1),
(66, 2),
(67, 1),
(67, 2),
(68, 1),
(68, 2),
(69, 1),
(69, 2),
(70, 1),
(70, 2),
(71, 1),
(71, 2),
(72, 1),
(72, 2),
(73, 1),
(73, 2),
(74, 1),
(74, 2),
(75, 1),
(75, 2),
(76, 1),
(76, 2),
(77, 1),
(77, 2),
(78, 1),
(78, 2),
(79, 1),
(79, 2),
(80, 1),
(80, 2),
(81, 1),
(81, 2),
(82, 1),
(82, 2),
(83, 1),
(83, 2),
(84, 1),
(84, 2),
(85, 1),
(85, 2),
(86, 1),
(86, 2),
(87, 1),
(87, 2),
(88, 1),
(88, 2),
(89, 1),
(90, 1);

-- --------------------------------------------------------

--
-- Structure de la table `sales`
--

CREATE TABLE `sales` (
  `id` int(10) UNSIGNED NOT NULL,
  `reference_no` varchar(191) COLLATE utf8mb4_unicode_ci NOT NULL,
  `user_id` int(11) NOT NULL,
  `customer_id` int(11) NOT NULL,
  `warehouse_id` int(11) NOT NULL,
  `biller_id` int(11) DEFAULT NULL,
  `item` int(11) NOT NULL,
  `total_qty` double NOT NULL,
  `total_discount` double NOT NULL,
  `total_tax` double NOT NULL,
  `total_price` double NOT NULL,
  `grand_total` double NOT NULL,
  `order_tax_rate` double DEFAULT NULL,
  `order_tax` double DEFAULT NULL,
  `order_discount` double DEFAULT NULL,
  `coupon_id` int(11) DEFAULT NULL,
  `coupon_discount` double DEFAULT NULL,
  `shipping_cost` double DEFAULT NULL,
  `sale_status` int(11) NOT NULL,
  `payment_status` int(11) NOT NULL,
  `document` varchar(191) COLLATE utf8mb4_unicode_ci DEFAULT NULL,
  `paid_amount` double DEFAULT NULL,
  `sale_note` text COLLATE utf8mb4_unicode_ci DEFAULT NULL,
  `staff_note` text COLLATE utf8mb4_unicode_ci DEFAULT NULL,
  `created_at` timestamp NULL DEFAULT NULL,
  `updated_at` timestamp NULL DEFAULT NULL
) ENGINE=InnoDB DEFAULT CHARSET=utf8mb4 COLLATE=utf8mb4_unicode_ci;

-- --------------------------------------------------------

--
-- Structure de la table `stock_counts`
--

CREATE TABLE `stock_counts` (
  `id` int(10) UNSIGNED NOT NULL,
  `reference_no` varchar(191) COLLATE utf8mb4_unicode_ci NOT NULL,
  `warehouse_id` int(11) NOT NULL,
  `category_id` varchar(191) COLLATE utf8mb4_unicode_ci DEFAULT NULL,
  `brand_id` varchar(191) COLLATE utf8mb4_unicode_ci DEFAULT NULL,
  `user_id` int(11) NOT NULL,
  `type` varchar(191) COLLATE utf8mb4_unicode_ci NOT NULL,
  `initial_file` varchar(191) COLLATE utf8mb4_unicode_ci DEFAULT NULL,
  `final_file` varchar(191) COLLATE utf8mb4_unicode_ci DEFAULT NULL,
  `note` text COLLATE utf8mb4_unicode_ci DEFAULT NULL,
  `is_adjusted` tinyint(1) NOT NULL,
  `created_at` timestamp NULL DEFAULT NULL,
  `updated_at` timestamp NULL DEFAULT NULL
) ENGINE=InnoDB DEFAULT CHARSET=utf8mb4 COLLATE=utf8mb4_unicode_ci;

-- --------------------------------------------------------

--
-- Structure de la table `suppliers`
--

CREATE TABLE `suppliers` (
  `id` int(10) UNSIGNED NOT NULL,
  `name` varchar(191) COLLATE utf8mb4_unicode_ci NOT NULL,
  `image` varchar(191) COLLATE utf8mb4_unicode_ci DEFAULT NULL,
  `company_name` varchar(191) COLLATE utf8mb4_unicode_ci NOT NULL,
  `vat_number` varchar(191) COLLATE utf8mb4_unicode_ci DEFAULT NULL,
  `email` varchar(191) COLLATE utf8mb4_unicode_ci NOT NULL,
  `phone_number` varchar(191) COLLATE utf8mb4_unicode_ci NOT NULL,
  `address` varchar(191) COLLATE utf8mb4_unicode_ci NOT NULL,
  `city` varchar(191) COLLATE utf8mb4_unicode_ci NOT NULL,
  `state` varchar(191) COLLATE utf8mb4_unicode_ci DEFAULT NULL,
  `postal_code` varchar(191) COLLATE utf8mb4_unicode_ci DEFAULT NULL,
  `country` varchar(191) COLLATE utf8mb4_unicode_ci DEFAULT NULL,
  `is_active` tinyint(1) DEFAULT NULL,
  `created_at` timestamp NULL DEFAULT NULL,
  `updated_at` timestamp NULL DEFAULT NULL
) ENGINE=InnoDB DEFAULT CHARSET=utf8mb4 COLLATE=utf8mb4_unicode_ci;

-- --------------------------------------------------------

--
-- Structure de la table `taxes`
--

CREATE TABLE `taxes` (
  `id` int(10) UNSIGNED NOT NULL,
  `name` varchar(191) COLLATE utf8mb4_unicode_ci NOT NULL,
  `rate` double NOT NULL,
  `is_active` tinyint(1) DEFAULT NULL,
  `created_at` timestamp NULL DEFAULT NULL,
  `updated_at` timestamp NULL DEFAULT NULL
) ENGINE=InnoDB DEFAULT CHARSET=utf8mb4 COLLATE=utf8mb4_unicode_ci;

-- --------------------------------------------------------

--
-- Structure de la table `transfers`
--

CREATE TABLE `transfers` (
  `id` int(10) UNSIGNED NOT NULL,
  `reference_no` varchar(191) COLLATE utf8mb4_unicode_ci NOT NULL,
  `user_id` int(11) NOT NULL,
  `status` int(11) NOT NULL,
  `from_warehouse_id` int(11) NOT NULL,
  `to_warehouse_id` int(11) NOT NULL,
  `item` int(11) NOT NULL,
  `total_qty` double NOT NULL,
  `total_tax` double NOT NULL,
  `total_cost` double NOT NULL,
  `shipping_cost` double DEFAULT NULL,
  `grand_total` double NOT NULL,
  `document` varchar(191) COLLATE utf8mb4_unicode_ci DEFAULT NULL,
  `note` text COLLATE utf8mb4_unicode_ci DEFAULT NULL,
  `created_at` timestamp NULL DEFAULT NULL,
  `updated_at` timestamp NULL DEFAULT NULL
) ENGINE=InnoDB DEFAULT CHARSET=utf8mb4 COLLATE=utf8mb4_unicode_ci;

-- --------------------------------------------------------

--
-- Structure de la table `units`
--

CREATE TABLE `units` (
  `id` int(10) UNSIGNED NOT NULL,
  `unit_code` varchar(191) COLLATE utf8mb4_unicode_ci NOT NULL,
  `unit_name` varchar(191) COLLATE utf8mb4_unicode_ci NOT NULL,
  `base_unit` int(11) DEFAULT NULL,
  `operator` varchar(191) COLLATE utf8mb4_unicode_ci DEFAULT NULL,
  `operation_value` double DEFAULT NULL,
  `is_active` tinyint(1) DEFAULT NULL,
  `created_at` timestamp NULL DEFAULT NULL,
  `updated_at` timestamp NULL DEFAULT NULL
) ENGINE=InnoDB DEFAULT CHARSET=utf8mb4 COLLATE=utf8mb4_unicode_ci;

-- --------------------------------------------------------

--
-- Structure de la table `users`
--

CREATE TABLE `users` (
  `id` int(10) UNSIGNED NOT NULL,
  `name` varchar(191) COLLATE utf8mb4_unicode_ci NOT NULL,
  `email` varchar(191) COLLATE utf8mb4_unicode_ci NOT NULL,
  `password` varchar(191) COLLATE utf8mb4_unicode_ci NOT NULL,
  `remember_token` varchar(100) COLLATE utf8mb4_unicode_ci DEFAULT NULL,
  `phone` varchar(191) COLLATE utf8mb4_unicode_ci NOT NULL,
  `company_name` varchar(191) COLLATE utf8mb4_unicode_ci DEFAULT NULL,
  `role_id` int(11) NOT NULL,
  `biller_id` int(11) DEFAULT NULL,
  `warehouse_id` int(11) DEFAULT NULL,
  `is_active` tinyint(1) NOT NULL,
  `is_deleted` tinyint(1) NOT NULL,
  `created_at` timestamp NULL DEFAULT NULL,
  `updated_at` timestamp NULL DEFAULT NULL
) ENGINE=InnoDB DEFAULT CHARSET=utf8mb4 COLLATE=utf8mb4_unicode_ci;

--
-- Déchargement des données de la table `users`
--

INSERT INTO `users` (`id`, `name`, `email`, `password`, `remember_token`, `phone`, `company_name`, `role_id`, `biller_id`, `warehouse_id`, `is_active`, `is_deleted`, `created_at`, `updated_at`) VALUES
(1, 'admin', 'halila1sabri@gmail.com', '$2y$10$DWAHTfjcvwCpOCXaJg11MOhsqns03uvlwiSUOQwkHL2YYrtrXPcL6', 'kjPcqB4K1oG56kOn4UQcbuwWylRGXrukOUxQMaGZK8BUN18rJFPk5ZAEooWn', '12112', 'lioncoders', 1, NULL, NULL, 1, 0, '2018-06-02 03:24:15', '2018-09-05 00:14:15');

-- --------------------------------------------------------

--
-- Structure de la table `variants`
--

CREATE TABLE `variants` (
  `id` int(10) UNSIGNED NOT NULL,
  `name` varchar(191) COLLATE utf8mb4_unicode_ci NOT NULL,
  `created_at` timestamp NULL DEFAULT NULL,
  `updated_at` timestamp NULL DEFAULT NULL
) ENGINE=InnoDB DEFAULT CHARSET=utf8mb4 COLLATE=utf8mb4_unicode_ci;

-- --------------------------------------------------------

--
-- Structure de la table `warehouses`
--

CREATE TABLE `warehouses` (
  `id` int(10) UNSIGNED NOT NULL,
  `name` varchar(191) COLLATE utf8mb4_unicode_ci NOT NULL,
  `phone` varchar(191) COLLATE utf8mb4_unicode_ci DEFAULT NULL,
  `email` varchar(191) COLLATE utf8mb4_unicode_ci DEFAULT NULL,
  `address` text COLLATE utf8mb4_unicode_ci NOT NULL,
  `is_active` tinyint(1) DEFAULT NULL,
  `created_at` timestamp NULL DEFAULT NULL,
  `updated_at` timestamp NULL DEFAULT NULL
) ENGINE=InnoDB DEFAULT CHARSET=utf8mb4 COLLATE=utf8mb4_unicode_ci;

--
-- Index pour les tables déchargées
--

--
-- Index pour la table `accounts`
--
ALTER TABLE `accounts`
  ADD PRIMARY KEY (`id`);

--
-- Index pour la table `adjustments`
--
ALTER TABLE `adjustments`
  ADD PRIMARY KEY (`id`);

--
-- Index pour la table `attendances`
--
ALTER TABLE `attendances`
  ADD PRIMARY KEY (`id`);

--
-- Index pour la table `billers`
--
ALTER TABLE `billers`
  ADD PRIMARY KEY (`id`);

--
-- Index pour la table `brands`
--
ALTER TABLE `brands`
  ADD PRIMARY KEY (`id`);

--
-- Index pour la table `categories`
--
ALTER TABLE `categories`
  ADD PRIMARY KEY (`id`);

--
-- Index pour la table `coupons`
--
ALTER TABLE `coupons`
  ADD PRIMARY KEY (`id`);

--
-- Index pour la table `customers`
--
ALTER TABLE `customers`
  ADD PRIMARY KEY (`id`);

--
-- Index pour la table `customer_groups`
--
ALTER TABLE `customer_groups`
  ADD PRIMARY KEY (`id`);

--
-- Index pour la table `deliveries`
--
ALTER TABLE `deliveries`
  ADD PRIMARY KEY (`id`);

--
-- Index pour la table `departments`
--
ALTER TABLE `departments`
  ADD PRIMARY KEY (`id`);

--
-- Index pour la table `deposits`
--
ALTER TABLE `deposits`
  ADD PRIMARY KEY (`id`);

--
-- Index pour la table `employees`
--
ALTER TABLE `employees`
  ADD PRIMARY KEY (`id`);

--
-- Index pour la table `expenses`
--
ALTER TABLE `expenses`
  ADD PRIMARY KEY (`id`);

--
-- Index pour la table `expense_categories`
--
ALTER TABLE `expense_categories`
  ADD PRIMARY KEY (`id`);

--
-- Index pour la table `general_settings`
--
ALTER TABLE `general_settings`
  ADD PRIMARY KEY (`id`);

--
-- Index pour la table `gift_cards`
--
ALTER TABLE `gift_cards`
  ADD PRIMARY KEY (`id`);

--
-- Index pour la table `gift_card_recharges`
--
ALTER TABLE `gift_card_recharges`
  ADD PRIMARY KEY (`id`);

--
-- Index pour la table `holidays`
--
ALTER TABLE `holidays`
  ADD PRIMARY KEY (`id`);

--
-- Index pour la table `hrm_settings`
--
ALTER TABLE `hrm_settings`
  ADD PRIMARY KEY (`id`);

--
-- Index pour la table `languages`
--
ALTER TABLE `languages`
  ADD PRIMARY KEY (`id`);

--
-- Index pour la table `migrations`
--
ALTER TABLE `migrations`
  ADD PRIMARY KEY (`id`);

--
-- Index pour la table `password_resets`
--
ALTER TABLE `password_resets`
  ADD KEY `password_resets_email_index` (`email`);

--
-- Index pour la table `payments`
--
ALTER TABLE `payments`
  ADD PRIMARY KEY (`id`);

--
-- Index pour la table `payment_with_cheque`
--
ALTER TABLE `payment_with_cheque`
  ADD PRIMARY KEY (`id`);

--
-- Index pour la table `payment_with_credit_card`
--
ALTER TABLE `payment_with_credit_card`
  ADD PRIMARY KEY (`id`);

--
-- Index pour la table `payment_with_gift_card`
--
ALTER TABLE `payment_with_gift_card`
  ADD PRIMARY KEY (`id`);

--
-- Index pour la table `payment_with_paypal`
--
ALTER TABLE `payment_with_paypal`
  ADD PRIMARY KEY (`id`);

--
-- Index pour la table `payrolls`
--
ALTER TABLE `payrolls`
  ADD PRIMARY KEY (`id`);

--
-- Index pour la table `permissions`
--
ALTER TABLE `permissions`
  ADD PRIMARY KEY (`id`);

--
-- Index pour la table `pos_setting`
--
ALTER TABLE `pos_setting`
  ADD UNIQUE KEY `pos_setting_id_unique` (`id`);

--
-- Index pour la table `products`
--
ALTER TABLE `products`
  ADD PRIMARY KEY (`id`);

--
-- Index pour la table `product_adjustments`
--
ALTER TABLE `product_adjustments`
  ADD PRIMARY KEY (`id`);

--
-- Index pour la table `product_purchases`
--
ALTER TABLE `product_purchases`
  ADD PRIMARY KEY (`id`);

--
-- Index pour la table `product_quotation`
--
ALTER TABLE `product_quotation`
  ADD PRIMARY KEY (`id`);

--
-- Index pour la table `product_returns`
--
ALTER TABLE `product_returns`
  ADD PRIMARY KEY (`id`);

--
-- Index pour la table `product_sales`
--
ALTER TABLE `product_sales`
  ADD PRIMARY KEY (`id`);

--
-- Index pour la table `product_transfer`
--
ALTER TABLE `product_transfer`
  ADD PRIMARY KEY (`id`);

--
-- Index pour la table `product_variants`
--
ALTER TABLE `product_variants`
  ADD PRIMARY KEY (`id`);

--
-- Index pour la table `product_warehouse`
--
ALTER TABLE `product_warehouse`
  ADD PRIMARY KEY (`id`);

--
-- Index pour la table `purchases`
--
ALTER TABLE `purchases`
  ADD PRIMARY KEY (`id`);

--
-- Index pour la table `purchase_product_return`
--
ALTER TABLE `purchase_product_return`
  ADD PRIMARY KEY (`id`);

--
-- Index pour la table `quotations`
--
ALTER TABLE `quotations`
  ADD PRIMARY KEY (`id`);

--
-- Index pour la table `returns`
--
ALTER TABLE `returns`
  ADD PRIMARY KEY (`id`);

--
-- Index pour la table `return_purchases`
--
ALTER TABLE `return_purchases`
  ADD PRIMARY KEY (`id`);

--
-- Index pour la table `roles`
--
ALTER TABLE `roles`
  ADD PRIMARY KEY (`id`);

--
-- Index pour la table `role_has_permissions`
--
ALTER TABLE `role_has_permissions`
  ADD PRIMARY KEY (`permission_id`,`role_id`),
  ADD KEY `role_has_permissions_role_id_foreign` (`role_id`);

--
-- Index pour la table `sales`
--
ALTER TABLE `sales`
  ADD PRIMARY KEY (`id`);

--
-- Index pour la table `stock_counts`
--
ALTER TABLE `stock_counts`
  ADD PRIMARY KEY (`id`);

--
-- Index pour la table `suppliers`
--
ALTER TABLE `suppliers`
  ADD PRIMARY KEY (`id`);

--
-- Index pour la table `taxes`
--
ALTER TABLE `taxes`
  ADD PRIMARY KEY (`id`);

--
-- Index pour la table `transfers`
--
ALTER TABLE `transfers`
  ADD PRIMARY KEY (`id`);

--
-- Index pour la table `units`
--
ALTER TABLE `units`
  ADD PRIMARY KEY (`id`);

--
-- Index pour la table `users`
--
ALTER TABLE `users`
  ADD PRIMARY KEY (`id`);

--
-- Index pour la table `variants`
--
ALTER TABLE `variants`
  ADD PRIMARY KEY (`id`);

--
-- Index pour la table `warehouses`
--
ALTER TABLE `warehouses`
  ADD PRIMARY KEY (`id`);

--
-- AUTO_INCREMENT pour les tables déchargées
--

--
-- AUTO_INCREMENT pour la table `accounts`
--
ALTER TABLE `accounts`
  MODIFY `id` int(10) UNSIGNED NOT NULL AUTO_INCREMENT;

--
-- AUTO_INCREMENT pour la table `adjustments`
--
ALTER TABLE `adjustments`
  MODIFY `id` int(10) UNSIGNED NOT NULL AUTO_INCREMENT;

--
-- AUTO_INCREMENT pour la table `attendances`
--
ALTER TABLE `attendances`
  MODIFY `id` int(10) UNSIGNED NOT NULL AUTO_INCREMENT;

--
-- AUTO_INCREMENT pour la table `billers`
--
ALTER TABLE `billers`
  MODIFY `id` int(10) UNSIGNED NOT NULL AUTO_INCREMENT;

--
-- AUTO_INCREMENT pour la table `brands`
--
ALTER TABLE `brands`
  MODIFY `id` int(10) UNSIGNED NOT NULL AUTO_INCREMENT;

--
-- AUTO_INCREMENT pour la table `categories`
--
ALTER TABLE `categories`
  MODIFY `id` int(10) UNSIGNED NOT NULL AUTO_INCREMENT;

--
-- AUTO_INCREMENT pour la table `coupons`
--
ALTER TABLE `coupons`
  MODIFY `id` int(10) UNSIGNED NOT NULL AUTO_INCREMENT;

--
-- AUTO_INCREMENT pour la table `customers`
--
ALTER TABLE `customers`
  MODIFY `id` int(10) UNSIGNED NOT NULL AUTO_INCREMENT;

--
-- AUTO_INCREMENT pour la table `customer_groups`
--
ALTER TABLE `customer_groups`
  MODIFY `id` int(10) UNSIGNED NOT NULL AUTO_INCREMENT;

--
-- AUTO_INCREMENT pour la table `deliveries`
--
ALTER TABLE `deliveries`
  MODIFY `id` int(10) UNSIGNED NOT NULL AUTO_INCREMENT;

--
-- AUTO_INCREMENT pour la table `departments`
--
ALTER TABLE `departments`
  MODIFY `id` int(10) UNSIGNED NOT NULL AUTO_INCREMENT;

--
-- AUTO_INCREMENT pour la table `deposits`
--
ALTER TABLE `deposits`
  MODIFY `id` int(10) UNSIGNED NOT NULL AUTO_INCREMENT;

--
-- AUTO_INCREMENT pour la table `employees`
--
ALTER TABLE `employees`
  MODIFY `id` int(10) UNSIGNED NOT NULL AUTO_INCREMENT;

--
-- AUTO_INCREMENT pour la table `expenses`
--
ALTER TABLE `expenses`
  MODIFY `id` int(10) UNSIGNED NOT NULL AUTO_INCREMENT;

--
-- AUTO_INCREMENT pour la table `expense_categories`
--
ALTER TABLE `expense_categories`
  MODIFY `id` int(10) UNSIGNED NOT NULL AUTO_INCREMENT;

--
-- AUTO_INCREMENT pour la table `general_settings`
--
ALTER TABLE `general_settings`
  MODIFY `id` int(10) UNSIGNED NOT NULL AUTO_INCREMENT, AUTO_INCREMENT=2;

--
-- AUTO_INCREMENT pour la table `gift_cards`
--
ALTER TABLE `gift_cards`
  MODIFY `id` int(10) UNSIGNED NOT NULL AUTO_INCREMENT;

--
-- AUTO_INCREMENT pour la table `gift_card_recharges`
--
ALTER TABLE `gift_card_recharges`
  MODIFY `id` int(10) UNSIGNED NOT NULL AUTO_INCREMENT;

--
-- AUTO_INCREMENT pour la table `holidays`
--
ALTER TABLE `holidays`
  MODIFY `id` int(10) UNSIGNED NOT NULL AUTO_INCREMENT;

--
-- AUTO_INCREMENT pour la table `hrm_settings`
--
ALTER TABLE `hrm_settings`
  MODIFY `id` int(10) UNSIGNED NOT NULL AUTO_INCREMENT, AUTO_INCREMENT=2;

--
-- AUTO_INCREMENT pour la table `languages`
--
ALTER TABLE `languages`
  MODIFY `id` int(10) UNSIGNED NOT NULL AUTO_INCREMENT, AUTO_INCREMENT=2;

--
-- AUTO_INCREMENT pour la table `migrations`
--
ALTER TABLE `migrations`
  MODIFY `id` int(10) UNSIGNED NOT NULL AUTO_INCREMENT;

--
-- AUTO_INCREMENT pour la table `payments`
--
ALTER TABLE `payments`
  MODIFY `id` int(10) UNSIGNED NOT NULL AUTO_INCREMENT;

--
-- AUTO_INCREMENT pour la table `payment_with_cheque`
--
ALTER TABLE `payment_with_cheque`
  MODIFY `id` int(10) UNSIGNED NOT NULL AUTO_INCREMENT;

--
-- AUTO_INCREMENT pour la table `payment_with_credit_card`
--
ALTER TABLE `payment_with_credit_card`
  MODIFY `id` int(10) UNSIGNED NOT NULL AUTO_INCREMENT;

--
-- AUTO_INCREMENT pour la table `payment_with_gift_card`
--
ALTER TABLE `payment_with_gift_card`
  MODIFY `id` int(10) UNSIGNED NOT NULL AUTO_INCREMENT;

--
-- AUTO_INCREMENT pour la table `payment_with_paypal`
--
ALTER TABLE `payment_with_paypal`
  MODIFY `id` int(10) UNSIGNED NOT NULL AUTO_INCREMENT;

--
-- AUTO_INCREMENT pour la table `payrolls`
--
ALTER TABLE `payrolls`
  MODIFY `id` int(10) UNSIGNED NOT NULL AUTO_INCREMENT;

--
-- AUTO_INCREMENT pour la table `permissions`
--
ALTER TABLE `permissions`
  MODIFY `id` int(10) UNSIGNED NOT NULL AUTO_INCREMENT, AUTO_INCREMENT=91;

--
-- AUTO_INCREMENT pour la table `products`
--
ALTER TABLE `products`
  MODIFY `id` int(10) UNSIGNED NOT NULL AUTO_INCREMENT;

--
-- AUTO_INCREMENT pour la table `product_adjustments`
--
ALTER TABLE `product_adjustments`
  MODIFY `id` int(10) UNSIGNED NOT NULL AUTO_INCREMENT;

--
-- AUTO_INCREMENT pour la table `product_purchases`
--
ALTER TABLE `product_purchases`
  MODIFY `id` int(10) UNSIGNED NOT NULL AUTO_INCREMENT;

--
-- AUTO_INCREMENT pour la table `product_quotation`
--
ALTER TABLE `product_quotation`
  MODIFY `id` int(10) UNSIGNED NOT NULL AUTO_INCREMENT;

--
-- AUTO_INCREMENT pour la table `product_returns`
--
ALTER TABLE `product_returns`
  MODIFY `id` int(10) UNSIGNED NOT NULL AUTO_INCREMENT;

--
-- AUTO_INCREMENT pour la table `product_sales`
--
ALTER TABLE `product_sales`
  MODIFY `id` int(10) UNSIGNED NOT NULL AUTO_INCREMENT;

--
-- AUTO_INCREMENT pour la table `product_transfer`
--
ALTER TABLE `product_transfer`
  MODIFY `id` int(10) UNSIGNED NOT NULL AUTO_INCREMENT;

--
-- AUTO_INCREMENT pour la table `product_variants`
--
ALTER TABLE `product_variants`
  MODIFY `id` int(10) UNSIGNED NOT NULL AUTO_INCREMENT;

--
-- AUTO_INCREMENT pour la table `product_warehouse`
--
ALTER TABLE `product_warehouse`
  MODIFY `id` int(10) UNSIGNED NOT NULL AUTO_INCREMENT;

--
-- AUTO_INCREMENT pour la table `purchases`
--
ALTER TABLE `purchases`
  MODIFY `id` int(10) UNSIGNED NOT NULL AUTO_INCREMENT;

--
-- AUTO_INCREMENT pour la table `purchase_product_return`
--
ALTER TABLE `purchase_product_return`
  MODIFY `id` int(10) UNSIGNED NOT NULL AUTO_INCREMENT;

--
-- AUTO_INCREMENT pour la table `quotations`
--
ALTER TABLE `quotations`
  MODIFY `id` int(10) UNSIGNED NOT NULL AUTO_INCREMENT;

--
-- AUTO_INCREMENT pour la table `returns`
--
ALTER TABLE `returns`
  MODIFY `id` int(10) UNSIGNED NOT NULL AUTO_INCREMENT;

--
-- AUTO_INCREMENT pour la table `return_purchases`
--
ALTER TABLE `return_purchases`
  MODIFY `id` int(10) UNSIGNED NOT NULL AUTO_INCREMENT;

--
-- AUTO_INCREMENT pour la table `roles`
--
ALTER TABLE `roles`
  MODIFY `id` int(10) UNSIGNED NOT NULL AUTO_INCREMENT, AUTO_INCREMENT=5;

--
-- AUTO_INCREMENT pour la table `sales`
--
ALTER TABLE `sales`
  MODIFY `id` int(10) UNSIGNED NOT NULL AUTO_INCREMENT;

--
-- AUTO_INCREMENT pour la table `stock_counts`
--
ALTER TABLE `stock_counts`
  MODIFY `id` int(10) UNSIGNED NOT NULL AUTO_INCREMENT;

--
-- AUTO_INCREMENT pour la table `suppliers`
--
ALTER TABLE `suppliers`
  MODIFY `id` int(10) UNSIGNED NOT NULL AUTO_INCREMENT;

--
-- AUTO_INCREMENT pour la table `taxes`
--
ALTER TABLE `taxes`
  MODIFY `id` int(10) UNSIGNED NOT NULL AUTO_INCREMENT;

--
-- AUTO_INCREMENT pour la table `transfers`
--
ALTER TABLE `transfers`
  MODIFY `id` int(10) UNSIGNED NOT NULL AUTO_INCREMENT;

--
-- AUTO_INCREMENT pour la table `units`
--
ALTER TABLE `units`
  MODIFY `id` int(10) UNSIGNED NOT NULL AUTO_INCREMENT;

--
-- AUTO_INCREMENT pour la table `users`
--
ALTER TABLE `users`
  MODIFY `id` int(10) UNSIGNED NOT NULL AUTO_INCREMENT, AUTO_INCREMENT=14;

--
-- AUTO_INCREMENT pour la table `variants`
--
ALTER TABLE `variants`
  MODIFY `id` int(10) UNSIGNED NOT NULL AUTO_INCREMENT;

--
-- AUTO_INCREMENT pour la table `warehouses`
--
ALTER TABLE `warehouses`
  MODIFY `id` int(10) UNSIGNED NOT NULL AUTO_INCREMENT;

--
-- Contraintes pour les tables déchargées
--

--
-- Contraintes pour la table `role_has_permissions`
--
ALTER TABLE `role_has_permissions`
  ADD CONSTRAINT `role_has_permissions_permission_id_foreign` FOREIGN KEY (`permission_id`) REFERENCES `permissions` (`id`) ON DELETE CASCADE,
  ADD CONSTRAINT `role_has_permissions_role_id_foreign` FOREIGN KEY (`role_id`) REFERENCES `roles` (`id`) ON DELETE CASCADE;
COMMIT;

/*!40101 SET CHARACTER_SET_CLIENT=@OLD_CHARACTER_SET_CLIENT */;
/*!40101 SET CHARACTER_SET_RESULTS=@OLD_CHARACTER_SET_RESULTS */;
/*!40101 SET COLLATION_CONNECTION=@OLD_COLLATION_CONNECTION */;
